{"cameraMode":{"drawMode":0,"name":"Shaded","section":"Shading Mode"},"sceneLighting":true,"audioPlay":false,"sceneViewState":{"m_AlwaysRefresh":false,"showFog":true,"showSkybox":true,"showFlares":true,"showImageEffects":true,"showParticleSystems":true,"showVisualEffectGraphs":true,"m_FxEnabled":true},"in2DMode":false,"pivot":{"x":-5.326986789703369,"y":-2.035839080810547,"z":-0.8544626832008362},"rotation":{"x":0.34392574429512026,"y":0.36192482709884646,"z":-0.14573852717876435,"w":0.8541030883789063},"size":18.819135665893556,"orthographic":false}